gene,pos
BARD1,213938791
BARD1,213952712
BARD1,213953765
BARD1,213958543
BARD1,213968034
BARD1,213974797
BARD1,213983646
BARD1,213992343
BARD1,213994439
BARD1,214002240
BARD1,214009332
BARD1,214010457
BARD1,214010577
BARD1,214016914
BARD1,214144320
BARD1,214144429
BARD1,214144634
BARD1,214145882
BARD1,214161592
BARD1,214162903
BARD1,214174878
BARD1,214174881
BARD1,214180300
BARD1,214185983
BARD1,214186578
BARD1,214186586
BARD1,214187125
BARD1,214187233
BARD1,214191543
BARD1,214192421
BARD1,214193884
BARD1,214194925
BARD1,214194932
BARD1,214197123
BARD1,214198998
BARD1,214203790
BARD1,214204352
BARD1,214369363
BARD1,214514177
BARD1,214516509
BARD1,214579929
BARD1,214709555
BARD1,214710380
BARD1,214710687
BARD1,214710694
BARD1,214711139
BARD1,214711643
BARD1,214711667
BARD1,214711921
BARD1,214712424
BARD1,214712431
BARD1,214712656
BARD1,214712681
BARD1,214712682
BARD1,214712984
BARD1,214713149
BARD1,214714024
BARD1,214714150
BARD1,214714319
BARD1,214714378
BARD1,214714408
BARD1,214714824
BARD1,214714865
BARD1,214714922
BARD1,214715006
BARD1,214715301
BARD1,214715594
BARD1,214715942
BARD1,214716190
BARD1,214716207
BARD1,214716234
BARD1,214716270
BARD1,214716328
BARD1,214716337
BARD1,214716359
BARD1,214717028
BARD1,214717619
BARD1,214718729
BARD1,214719469
BARD1,214719550
BARD1,214720676
BARD1,214721074
BARD1,214721621
BARD1,214721790
BARD1,214722205
BARD1,214722415
BARD1,214722808
BARD1,214723034
BARD1,214723350
BARD1,214723435
BARD1,214723505
BARD1,214723630
BARD1,214723689
BARD1,214723866
BARD1,214724091
BARD1,214724096
BARD1,214724458
BARD1,214724749
BARD1,214725256
BARD1,214725321
BARD1,214725781
BARD1,214725858
BARD1,214725885
BARD1,214726065
BARD1,214726244
BARD1,214726706
BARD1,214727582
BARD1,214727618
BARD1,214727857
BARD1,214728182
BARD1,214728509
BARD1,214729127
BARD1,214729147
BARD1,214729257
BARD1,214729757
BARD1,214730345
BARD1,214730716
BARD1,214730721
BARD1,214730788
BARD1,214730921
BARD1,214731148
BARD1,214731348
BARD1,214731590
BARD1,214731745
BARD1,214732447
BARD1,214732646
BARD1,214732673
BARD1,214732690
BARD1,214732790
BARD1,214732905
BARD1,214732916
BARD1,214732991
BARD1,214733010
BARD1,214733222
BARD1,214733305
BARD1,214733358
BARD1,214733421
BARD1,214733625
BARD1,214733818
BARD1,214733861
BARD1,214734188
BARD1,214734326
BARD1,214734365
BARD1,214734709
BARD1,214735212
BARD1,214735533
BARD1,214735552
BARD1,214735913
BARD1,214736043
BARD1,214736283
BARD1,214736304
BARD1,214736634
BARD1,214736905
BARD1,214736987
BARD1,214737350
BARD1,214738155
BARD1,214738176
BARD1,214738284
BARD1,214738447
BARD1,214738614
BARD1,214738769
BARD1,214738790
BARD1,214739080
BARD1,214739300
BARD1,214739475
BARD1,214739528
BARD1,214740399
BARD1,214740597
BARD1,214740702
BARD1,214740782
BARD1,214740992
BARD1,214741572
BARD1,214741823
BARD1,214741926
BARD1,214742734
BARD1,214742736
BARD1,214742875
BARD1,214742933
BARD1,214743132
BARD1,214743172
BARD1,214743254
BARD1,214743657
BARD1,214743704
BARD1,214743768
BARD1,214743956
BARD1,214744780
BARD1,214744846
BARD1,214744921
BARD1,214744969
BARD1,214745228
BARD1,214745236
BARD1,214745589
BARD1,214746016
BARD1,214746053
BARD1,214746591
BARD1,214746700
BARD1,214746764
BARD1,214747151
BARD1,214747321
BARD1,214747326
BARD1,214747419
BARD1,214747781
BARD1,214748370
BARD1,214748415
BARD1,214748566
BARD1,214748718
BARD1,214748877
BARD1,214749289
BARD1,214749504
BARD1,214750072
BARD1,214750280
BARD1,214750657
BARD1,214751445
BARD1,214751734
BARD1,214751838
BARD1,214751984
BARD1,214752116
BARD1,214752454
BARD1,214752776
BARD1,214753229
BARD1,214753639
BARD1,214753863
BARD1,214754055
BARD1,214754071
BARD1,214754319
BARD1,214754420
BARD1,214754595
BARD1,214754934
BARD1,214754983
BARD1,214755088
BARD1,214755197
BARD1,214755294
BARD1,214755548
BARD1,214755725
BARD1,214755801
BARD1,214756033
BARD1,214756066
BARD1,214756398
BARD1,214756655
BARD1,214756747
BARD1,214756824
BARD1,214757506
BARD1,214757606
BARD1,214758017
BARD1,214758227
BARD1,214758231
BARD1,214758360
BARD1,214758666
BARD1,214759411
BARD1,214759818
BARD1,214759955
BARD1,214760493
BARD1,214760924
BARD1,214760936
BARD1,214760986
BARD1,214760987
BARD1,214761011
BARD1,214761021
BARD1,214761025
BARD1,214761251
BARD1,214761463
BARD1,214761627
BARD1,214761837
BARD1,214761868
BARD1,214762098
BARD1,214762228
BARD1,214762384
BARD1,214762656
BARD1,214762673
BARD1,214763272
BARD1,214763275
BARD1,214763498
BARD1,214763653
BARD1,214763665
BARD1,214763774
BARD1,214763937
BARD1,214764002
BARD1,214764036
BARD1,214764182
BARD1,214764415
BARD1,214764579
BARD1,214764598
BARD1,214764704
BARD1,214764770
BARD1,214764819
BARD1,214764957
BARD1,214765508
BARD1,214765550
BARD1,214765687
BARD1,214766236
BARD1,214766578
BARD1,214766619
BARD1,214766638
BARD1,214766689
BARD1,214766700
BARD1,214766743
BARD1,214766817
BARD1,214766920
BARD1,214766928
BARD1,214766977
BARD1,214767208
BARD1,214767263
BARD1,214767311
BARD1,214767324
BARD1,214767371
BARD1,214767400
BARD1,214767431
BARD1,214767468
BARD1,214767531
BARD1,214767532
BARD1,214767905
BARD1,214767935
BARD1,214767979
BARD1,214768084
BARD1,214768267
BARD1,214768288
BARD1,214768374
BARD1,214768438
BARD1,214768502
BARD1,214768643
BARD1,214768687
BARD1,214768739
BARD1,214768762
BARD1,214768900
BARD1,214769331
BARD1,214769508
BARD1,214769512
BARD1,214769687
BARD1,214769770
BARD1,214769903
BARD1,214770111
BARD1,214770269
BARD1,214770497
BARD1,214770505
BARD1,214770549
BARD1,214771070
BARD1,214771456
BARD1,214771489
BARD1,214771596
BARD1,214771597
BARD1,214771691
BARD1,214771714
BARD1,214772127
BARD1,214772132
BARD1,214772345
BARD1,214772403
BARD1,214772421
BARD1,214772579
BARD1,214772595
BARD1,214772684
BARD1,214772781
BARD1,214772871
BARD1,214772977
BARD1,214773032
BARD1,214773636
BARD1,214773874
BARD1,214773938
BARD1,214774202
BARD1,214774888
BARD1,214774953
BARD1,214775254
BARD1,214775547
BARD1,214775672
BARD1,214776388
BARD1,214776411
BARD1,214776650
BARD1,214776931
BARD1,214778585
BARD1,214778759
BARD1,214778776
BARD1,214779398
BARD1,214779611
BARD1,214780215
BARD1,214780322
BARD1,214780411
BARD1,214780453
BARD1,214780740
BARD1,214780778
BARD1,214780821
BARD1,214781959
BARD1,214782004
BARD1,214782379
BARD1,214783220
BARD1,214784261
BARD1,214784306
BARD1,214784723
BARD1,214784731
BARD1,214785071
BARD1,214785309
BARD1,214785511
BARD1,214787026
BARD1,214787555
BARD1,214787920
BARD1,214788670
BARD1,214788988
BARD1,214789163
BARD1,214789578
BARD1,214790563
BARD1,214791195
BARD1,214791200
BARD1,214791444
BARD1,214791536
BARD1,214791943
BARD1,214792761
BARD1,214792836
BARD1,214792971
BARD1,214793530
BARD1,214793914
BARD1,214794123
BARD1,214794171
BARD1,214794585
BARD1,214794730
BARD1,214794884
BARD1,214795219
BARD1,214795529
BARD1,214795727
BARD1,214795913
BARD1,214795919
BARD1,214795936
BARD1,214795980
BARD1,214796929
BARD1,214796956
BARD1,214796986
BARD1,214796992
BARD1,214797187
BARD1,214797832
BARD1,214797928
BARD1,214798106
BARD1,214798239
BARD1,214798495
BARD1,214799464
BARD1,214799667
BARD1,214801146
BARD1,214801222
BARD1,214801574
BARD1,214801719
BARD1,214802126
BARD1,214802180
BARD1,214802424
BARD1,214802636
BARD1,214803064
BARD1,214803190
BARD1,214803264
BARD1,214803323
BARD1,214803425
BARD1,214803524
BARD1,214803770
BARD1,214804062
BARD1,214804352
BARD1,214804423
BARD1,214804861
BARD1,214805022
BARD1,214805110
BARD1,214805132
BARD1,214805261
BARD1,214805837
BARD1,214805960
BARD1,214806113
BARD1,214806593
BARD1,214806648
BARD1,214806752
BARD1,214806779
BARD1,214806790
BARD1,214806857
BARD1,214807014
BARD1,214807161
BARD1,214807317
BARD1,214807623
BARD1,214807677
BARD1,214807737
BARD1,214807803
BARD1,214807822
BARD1,214808069
BARD1,214808076
BARD1,214808103
BARD1,214808109
BARD1,214808273
BARD1,214808345
BARD1,214808494
BARD1,214808578
BARD1,214808700
BARD1,214808716
BARD1,214808940
BARD1,214809015
BARD1,214809069
BARD1,214809213
BARD1,214809224
BARD1,214809366
BARD1,214809500
BARD1,214809599
BARD1,214809617
BARD1,214809647
BARD1,214809895
BARD1,214810181
BARD1,214810282
BARD1,214810560
BARD1,214811499
BARD1,214812181
BARD1,214812584
BARD1,214813586
BARD1,214813622
BARD1,214814041
BARD1,214814337
BARD1,214814590
BARD1,214814615
BARD1,214814694
BARD1,214814962
BARD1,214815068
BARD1,214815108
BARD1,214815569
BARD1,214816186
BARD1,214816263
BARD1,214816405
BARD1,214816856
BARD1,214817494
BARD1,214817548
BARD1,214817565
BARD1,214819309
BARD1,214820582
BARD1,214820640
BARD1,214820715
BARD1,214820741
BARD1,214821155
BARD1,214821415
BARD1,214821449
BARD1,214821492
BARD1,214821885
BARD1,214821967
BARD1,214822351
BARD1,214822877
BARD1,214823113
BARD1,214823521
BARD1,214823711
BARD1,214823953
BARD1,214824134
BARD1,214824268
BARD1,214825635
BARD1,214825876
BARD1,214826535
BARD1,214826983
BARD1,214827302
BARD1,214827553
BARD1,214827828
BARD1,214827974
BARD1,214828214
BARD1,214828215
BARD1,214828217
BARD1,214828262
BARD1,214828445
BARD1,214828495
BARD1,214828875
BARD1,214829801
BARD1,214829926
BARD1,214830482
BARD1,214830759
BARD1,214831278
BARD1,214831293
BARD1,214831306
BARD1,214831339
BARD1,214831637
BARD1,214832076
BARD1,214832199
BARD1,214832616
BARD1,214832627
BARD1,214833044
BARD1,214833309
BARD1,214833310
BARD1,214833312
BARD1,214833416
BARD1,214833471
BARD1,214833707
BARD1,214833906
BARD1,214834504
BARD1,214834552
BARD1,214835855
BARD1,214836503
BARD1,214836847
BARD1,214836853
BARD1,214836867
BARD1,214837686
BARD1,214838143
BARD1,214838548
BARD1,214840931
BARD1,214841351
BARD1,214841772
BARD1,214841888
BARD1,214842045
BARD1,214842227
BARD1,214842379
BARD1,214842525
BARD1,214842858
BARD1,214843876
BARD1,214844311
BARD1,214844580
BARD1,214845131
BARD1,214845538
BARD1,214845545
BARD1,214845614
BARD1,214845641
BARD1,214845776
BARD1,214845955
BARD1,214847124
BARD1,214847275
BARD1,214847383
BARD1,214847585
BARD1,214847651
BARD1,214847676
BARD1,214848222
BARD1,214848234
BARD1,214849760
BARD1,214849781
BARD1,214849938
BARD1,214850092
BARD1,214850093
BARD1,214850114
BARD1,214850354
BARD1,214850682
BARD1,214850774
BARD1,214850877
BARD1,214850983
BARD1,214851389
BARD1,214851445
BARD1,214851446
BARD1,214851631
BARD1,214852276
BARD1,214852736
BARD1,214853217
BARD1,214853305
BARD1,214854290
BARD1,214855506
BARD1,214856444
BARD1,214856525
BARD1,214857118
BARD1,214857126
BARD1,214857636
BARD1,214857774
BARD1,214857784
BARD1,214857984
BARD1,214859303
BARD1,214859322
BARD1,214859826
BARD1,214860556
BARD1,214860986
BARD1,214861027
BARD1,214861370
BARD1,214861443
BARD1,214861474
BARD1,214861488
BARD1,214861566
BARD1,214861586
BARD1,214862188
BARD1,214862277
BARD1,214862550
BARD1,214862824
BARD1,214863300
BARD1,214863429
BARD1,214863560
BARD1,214863561
BARD1,214864009
BARD1,214864322
BARD1,214866485
BARD1,214867114
BARD1,214867442
BARD1,214867516
BARD1,214867829
BARD1,214868166
BARD1,214868691
BARD1,214868862
BARD1,214868871
BARD1,214868985
BARD1,214869509
BARD1,214870389
BARD1,214871741
BARD1,214872048
BARD1,214872121
BARD1,214872478
BARD1,214873509
BARD1,214873761
BARD1,214873808
BARD1,214874504
BARD1,214874555
BARD1,214874969
BARD1,214875051
BARD1,214875372
BARD1,214875711
BARD1,214876071
BARD1,214877568
BARD1,214877871
BARD1,214878078
BARD1,214878475
BARD1,214878962
BARD1,214879109
BARD1,214879168
BARD1,214879172
BARD1,214879252
BARD1,214879311
BARD1,214880090
BARD1,214880124
BARD1,214881155
BARD1,214881913
BARD1,214882421
BARD1,214882733
BARD1,214882958
BARD1,214883360
BARD1,214883381
BARD1,214883570
BARD1,214883975
BARD1,214884456
BARD1,214884532
BARD1,214884626
BARD1,214885914
BARD1,214886385
BARD1,214887025
BARD1,214887655
BARD1,214888668
BARD1,214888872
BARD1,214889046
BARD1,214889282
BARD1,214890165
BARD1,214890954
BARD1,214893435
BARD1,214893786
BARD1,214894803
BARD1,214895899
BARD1,214896384
BARD1,214896563
BARD1,214896989
BARD1,214897234
BARD1,214897300
BARD1,214897956
BARD1,214897960
BARD1,214898886
BARD1,214899015
BARD1,214899194
BARD1,214900066
BARD1,214901314
BARD1,214901367
BARD1,214901567
BARD1,214902042
BARD1,214902321
BARD1,214902557
BARD1,214902879
BARD1,214903250
BARD1,214903318
BARD1,214903721
BARD1,214904343
BARD1,214904597
BARD1,214905721
BARD1,214906896
BARD1,214907289
BARD1,214907621
BARD1,214907688
BARD1,214909084
BARD1,214910252
BARD1,214910312
BARD1,214911279
BARD1,214911417
BARD1,214911847
BARD1,214913810
BARD1,214914439
BARD1,214914893
BARD1,214915380
BARD1,214915480
BARD1,214915859
BARD1,214915976
BARD1,214916669
BARD1,214916814
BARD1,214917179
BARD1,214917351
BARD1,214917519
BARD1,214918141
BARD1,214918493
BARD1,214918603
BARD1,214918647
BARD1,214919220
BARD1,214920043
BARD1,214920239
BARD1,214920511
BARD1,214921119
BARD1,214923001
BARD1,214923221
BARD1,214923503
BARD1,214923566
BARD1,214923695
BARD1,214923815
BARD1,214925266
BARD1,214925640
BARD1,214925842
BARD1,214927619
BARD1,214928452
BARD1,214928765
BARD1,214929354
BARD1,214929899
BARD1,214930047
BARD1,214930205
BARD1,214930993
BARD1,214931189
BARD1,214931578
BARD1,214931844
BARD1,214932608
BARD1,214932803
BARD1,214933619
BARD1,214933684
BARD1,214933778
BARD1,214934000
BARD1,214935128
BARD1,214935806
BARD1,214935986
BARD1,214937388
BARD1,214937889
BARD1,214938471
BARD1,214938723
BARD1,214939892
BARD1,214940439
BARD1,214940948
BARD1,214941269
BARD1,214941736
BARD1,214942195
BARD1,214942236
BARD1,214942433
BARD1,214942637
BARD1,214943157
BARD1,214943164
BARD1,214943359
BARD1,214944182
BARD1,214945579
BARD1,214947573
BARD1,214947936
BARD1,214948607
BARD1,214949176
BARD1,214950608
BARD1,214950684
BARD1,214951689
BARD1,214951866
BARD1,214952105
BARD1,214952686
BARD1,214954440
BARD1,214955289
BARD1,214956197
BARD1,214956490
BARD1,214956856
BARD1,214957101
BARD1,214958610
BARD1,214958622
BARD1,214959258
BARD1,214959881
BARD1,214960275
BARD1,214961228
BARD1,214961384
BARD1,214961736
BARD1,214962749
BARD1,214963689
BARD1,214964000
BARD1,214964304
BARD1,214964748
BARD1,214965353
BARD1,214965765
BARD1,214965789
BARD1,214967019
BARD1,214967723
BARD1,214967787
BARD1,214968022
BARD1,214968691
BARD1,214968898
BARD1,214969742
BARD1,214969952
BARD1,214970119
BARD1,214972127
BARD1,214972566
BARD1,214973193
BARD1,214975024
BARD1,214975176
BARD1,214975229
BARD1,214975575
BARD1,214975690
BARD1,214976105
BARD1,214976948
BARD1,214976949
BARD1,214977049
BARD1,214977167
BARD1,214978108
BARD1,214979225
BARD1,214979230
BARD1,214982905
BARD1,214983950
BARD1,214984257
BARD1,214990570
BARD1,214991056
BARD1,214994657
BARD1,214997093
BARD1,215000851
BARD1,215003491
BARD1,215029049
BARD1,215071476
BARD1,215072615
BARD1,215073227
BARD1,215079242
BARD1,215086682
BARD1,215087352
BARD1,215090024
BARD1,215090345
BARD1,215090728
BARD1,215090899
BARD1,215091316
BARD1,215092110
BARD1,215092520
BARD1,215093131
BARD1,215098158
BARD1,215293101
BARD1,215296173
BARD1,215296380
BARD1,215300381
BARD1,215314528
BARD1,215499294
BARD1,215584847
BRCA1,42135088
BRCA1,42446692
BRCA1,42448547
BRCA1,42449251
BRCA1,42449414
BRCA1,42449901
BRCA1,42451647
BRCA1,42453606
BRCA1,42454432
BRCA1,42471524
BRCA1,42526354
BRCA1,42527609
BRCA1,42541987
BRCA1,42546524
BRCA1,42551517
BRCA1,42558337
BRCA1,42559751
BRCA1,42567456
BRCA1,42569832
BRCA1,42571373
BRCA1,42572258
BRCA1,42578710
BRCA1,42580680
BRCA1,42585099
BRCA1,42586592
BRCA1,42592302
BRCA1,42592890
BRCA1,42593627
BRCA1,42598630
BRCA1,42618073
BRCA1,42626171
BRCA1,42627929
BRCA1,42633605
BRCA1,42643476
BRCA1,42645388
BRCA1,42665430
BRCA1,42667791
BRCA1,42670660
BRCA1,42683631
BRCA1,42683801
BRCA1,42683904
BRCA1,42684957
BRCA1,42886907
BRCA1,42897537
BRCA1,42933666
BRCA1,42935383
BRCA1,42937358
BRCA1,42939605
BRCA1,42942444
BRCA1,42944839
BRCA1,42945161
BRCA1,42946378
BRCA1,42952095
BRCA1,42954068
BRCA1,42954124
BRCA1,42954487
BRCA1,42958613
BRCA1,42959013
BRCA1,42960006
BRCA1,42961114
BRCA1,42968450
BRCA1,42969201
BRCA1,42969246
BRCA1,42969684
BRCA1,42975431
BRCA1,42976353
BRCA1,42978620
BRCA1,42978710
BRCA1,42982317
BRCA1,42985484
BRCA1,42988250
BRCA1,42988528
BRCA1,42989954
BRCA1,42994228
BRCA1,42994963
BRCA1,42996212
BRCA1,42997053
BRCA1,42998932
BRCA1,43002200
BRCA1,43002233
BRCA1,43002244
BRCA1,43002583
BRCA1,43002800
BRCA1,43003269
BRCA1,43004136
BRCA1,43004493
BRCA1,43005088
BRCA1,43005370
BRCA1,43005683
BRCA1,43006365
BRCA1,43009066
BRCA1,43009483
BRCA1,43009739
BRCA1,43010230
BRCA1,43011632
BRCA1,43013717
BRCA1,43015940
BRCA1,43018881
BRCA1,43019464
BRCA1,43020464
BRCA1,43021069
BRCA1,43021209
BRCA1,43022008
BRCA1,43024671
BRCA1,43024814
BRCA1,43027847
BRCA1,43028755
BRCA1,43029280
BRCA1,43029704
BRCA1,43029729
BRCA1,43029818
BRCA1,43029881
BRCA1,43030645
BRCA1,43035550
BRCA1,43035667
BRCA1,43035957
BRCA1,43036325
BRCA1,43036769
BRCA1,43037028
BRCA1,43037366
BRCA1,43038698
BRCA1,43039112
BRCA1,43039999
BRCA1,43041893
BRCA1,43042868
BRCA1,43043008
BRCA1,43043694
BRCA1,43043756
BRCA1,43044391
BRCA1,43045257
BRCA1,43046604
BRCA1,43047896
BRCA1,43048092
BRCA1,43049685
BRCA1,43050562
BRCA1,43050671
BRCA1,43051308
BRCA1,43051574
BRCA1,43052360
BRCA1,43052373
BRCA1,43053755
BRCA1,43053924
BRCA1,43054039
BRCA1,43057561
BRCA1,43059636
BRCA1,43060152
BRCA1,43060321
BRCA1,43060530
BRCA1,43060788
BRCA1,43061609
BRCA1,43061643
BRCA1,43061876
BRCA1,43061979
BRCA1,43062192
BRCA1,43063808
BRCA1,43064188
BRCA1,43064916
BRCA1,43065857
BRCA1,43066316
BRCA1,43066555
BRCA1,43066730
BRCA1,43067324
BRCA1,43067543
BRCA1,43067763
BRCA1,43067787
BRCA1,43068206
BRCA1,43070445
BRCA1,43070706
BRCA1,43071077
BRCA1,43071521
BRCA1,43072816
BRCA1,43073822
BRCA1,43074584
BRCA1,43074658
BRCA1,43074719
BRCA1,43077369
BRCA1,43077795
BRCA1,43077840
BRCA1,43077891
BRCA1,43078211
BRCA1,43078319
BRCA1,43078359
BRCA1,43078507
BRCA1,43078520
BRCA1,43078973
BRCA1,43079499
BRCA1,43079885
BRCA1,43082287
BRCA1,43082453
BRCA1,43083782
BRCA1,43085936
BRCA1,43087455
BRCA1,43087474
BRCA1,43087611
BRCA1,43088260
BRCA1,43089373
BRCA1,43089486
BRCA1,43090268
BRCA1,43091173
BRCA1,43091983
BRCA1,43092418
BRCA1,43092919
BRCA1,43093220
BRCA1,43093449
BRCA1,43095105
BRCA1,43096147
BRCA1,43096467
BRCA1,43097077
BRCA1,43098661
BRCA1,43098906
BRCA1,43099478
BRCA1,43099629
BRCA1,43102157
BRCA1,43102469
BRCA1,43103085
BRCA1,43103094
BRCA1,43105117
BRCA1,43105441
BRCA1,43106026
BRCA1,43107032
BRCA1,43108791
BRCA1,43109041
BRCA1,43109216
BRCA1,43111027
BRCA1,43111549
BRCA1,43112129
BRCA1,43112347
BRCA1,43112722
BRCA1,43112723
BRCA1,43112726
BRCA1,43112732
BRCA1,43112733
BRCA1,43112734
BRCA1,43112736
BRCA1,43112738
BRCA1,43113759
BRCA1,43115033
BRCA1,43116189
BRCA1,43116191
BRCA1,43118212
BRCA1,43118260
BRCA1,43118446
BRCA1,43118649
BRCA1,43121331
BRCA1,43121362
BRCA1,43121520
BRCA1,43122761
BRCA1,43123134
BRCA1,43123628
BRCA1,43124230
BRCA1,43124331
BRCA1,43125170
BRCA1,43125988
BRCA1,43126099
BRCA1,43126360
BRCA1,43126899
BRCA1,43127281
BRCA1,43127544
BRCA1,43127753
BRCA1,43127820
BRCA1,43128665
BRCA1,43129663
BRCA1,43129737
BRCA1,43131360
BRCA1,43131380
BRCA1,43131837
BRCA1,43131848
BRCA1,43132682
BRCA1,43132725
BRCA1,43134805
BRCA1,43135128
BRCA1,43135298
BRCA1,43135863
BRCA1,43135907
BRCA1,43136826
BRCA1,43137747
BRCA1,43138596
BRCA1,43138657
BRCA1,43139762
BRCA1,43139936
BRCA1,43140306
BRCA1,43140410
BRCA1,43140722
BRCA1,43141596
BRCA1,43143472
BRCA1,43144180
BRCA1,43145635
BRCA1,43145975
BRCA1,43146417
BRCA1,43146482
BRCA1,43146498
BRCA1,43147390
BRCA1,43147572
BRCA1,43147590
BRCA1,43147814
BRCA1,43147911
BRCA1,43148782
BRCA1,43149411
BRCA1,43149692
BRCA1,43150923
BRCA1,43151054
BRCA1,43152446
BRCA1,43153380
BRCA1,43153554
BRCA1,43153809
BRCA1,43153866
BRCA1,43154243
BRCA1,43154506
BRCA1,43154680
BRCA1,43154822
BRCA1,43155084
BRCA1,43155456
BRCA1,43155670
BRCA1,43155685
BRCA1,43155686
BRCA1,43155755
BRCA1,43156257
BRCA1,43157735
BRCA1,43158478
BRCA1,43159452
BRCA1,43160842
BRCA1,43161595
BRCA1,43164730
BRCA1,43165415
BRCA1,43165794
BRCA1,43166783
BRCA1,43166915
BRCA1,43169370
BRCA1,43169829
BRCA1,43173003
BRCA1,43173325
BRCA1,43173473
BRCA1,43174070
BRCA1,43174491
BRCA1,43174881
BRCA1,43174923
BRCA1,43175604
BRCA1,43175631
BRCA1,43175633
BRCA1,43176078
BRCA1,43176801
BRCA1,43176993
BRCA1,43177155
BRCA1,43177830
BRCA1,43178007
BRCA1,43178248
BRCA1,43178803
BRCA1,43179289
BRCA1,43179443
BRCA1,43179580
BRCA1,43179799
BRCA1,43179902
BRCA1,43180313
BRCA1,43181769
BRCA1,43182732
BRCA1,43182908
BRCA1,43183455
BRCA1,43185455
BRCA1,43185883
BRCA1,43187470
BRCA1,43187680
BRCA1,43188672
BRCA1,43189967
BRCA1,43190296
BRCA1,43192295
BRCA1,43192485
BRCA1,43194266
BRCA1,43194781
BRCA1,43195799
BRCA1,43195804
BRCA1,43196205
BRCA1,43197295
BRCA1,43197319
BRCA1,43197696
BRCA1,43199082
BRCA1,43199714
BRCA1,43200626
BRCA1,43201071
BRCA1,43201393
BRCA1,43201789
BRCA1,43201902
BRCA1,43201994
BRCA1,43202871
BRCA1,43204542
BRCA1,43204928
BRCA1,43205628
BRCA1,43206133
BRCA1,43207570
BRCA1,43209323
BRCA1,43209941
BRCA1,43210253
BRCA1,43210702
BRCA1,43212891
BRCA1,43214765
BRCA1,43218318
BRCA1,43218965
BRCA1,43219824
BRCA1,43219938
BRCA1,43221879
BRCA1,43222443
BRCA1,43223532
BRCA1,43223574
BRCA1,43224081
BRCA1,43225162
BRCA1,43225824
BRCA1,43225922
BRCA1,43226345
BRCA1,43227065
BRCA1,43305639
BRCA1,43306364
BRCA1,43306410
BRCA1,43306756
BRCA1,43307043
BRCA1,43308133
BRCA1,43308624
BRCA1,43309222
BRCA1,43309681
BRCA1,43309699
BRCA1,43310023
BRCA1,43310090
BRCA1,43310255
BRCA1,43310361
BRCA1,43310516
BRCA1,43312038
BRCA1,43314799
BRCA1,43315270
BRCA1,43315891
BRCA1,43315904
BRCA1,43315909
BRCA1,43315919
BRCA1,43315939
BRCA1,43316084
BRCA1,43316156
BRCA1,43316714
BRCA1,43316816
BRCA1,43317431
BRCA1,43317510
BRCA1,43318124
BRCA1,43318225
BRCA1,43319126
BRCA1,43319140
BRCA1,43320130
BRCA1,43321215
BRCA1,43322082
BRCA1,43322568
BRCA1,43323834
BRCA1,43323919
BRCA1,43324114
BRCA1,43324202
BRCA1,43324214
BRCA1,43324362
BRCA1,43324365
BRCA1,43324652
BRCA1,43324776
BRCA1,43324974
BRCA1,43325506
BRCA1,43325961
BRCA1,43326343
BRCA1,43326399
BRCA1,43326863
BRCA1,43327053
BRCA1,43328049
BRCA1,43330633
BRCA1,43330686
BRCA1,43330898
BRCA1,43330929
BRCA1,43331213
BRCA1,43331490
BRCA1,43332048
BRCA1,43332285
BRCA1,43332406
BRCA1,43333092
BRCA1,43333254
BRCA1,43333550
BRCA1,43334234
BRCA1,43334882
BRCA1,43335706
BRCA1,43336657
BRCA1,43336925
BRCA1,43336956
BRCA1,43337311
BRCA1,43337648
BRCA1,43337655
BRCA1,43338154
BRCA1,43338690
BRCA1,43339704
BRCA1,43339745
BRCA1,43340014
BRCA1,43340966
BRCA1,43342017
BRCA1,43342288
BRCA1,43342667
BRCA1,43342775
BRCA1,43344508
BRCA1,43344536
BRCA1,43344763
BRCA1,43345617
BRCA1,43345649
BRCA1,43346576
BRCA1,43346665
BRCA1,43346684
BRCA1,43346733
BRCA1,43346885
BRCA1,43347197
BRCA1,43347551
BRCA1,43348371
BRCA1,43348525
BRCA1,43348533
BRCA1,43348789
BRCA1,43350035
BRCA1,43350101
BRCA1,43350353
BRCA1,43350693
BRCA1,43351298
BRCA1,43351670
BRCA1,43352811
BRCA1,43354440
BRCA1,43355452
BRCA1,43355600
BRCA1,43356292
BRCA1,43356567
BRCA1,43357622
BRCA1,43357792
BRCA1,43357824
BRCA1,43358069
BRCA1,43358297
BRCA1,43358815
BRCA1,43359072
BRCA1,43359227
BRCA1,43360867
BRCA1,43361038
BRCA1,43361100
BRCA1,43361194
BRCA1,43361216
BRCA1,43361241
BRCA1,43361251
BRCA1,43361252
BRCA1,43361258
BRCA1,43361285
BRCA1,43361306
BRCA1,43361324
BRCA1,43361330
BRCA1,43361339
BRCA1,43361352
BRCA1,43361361
BRCA1,43361367
BRCA1,43361585
BRCA1,43362434
BRCA1,43365383
BRCA1,43365594
BRCA1,43365646
BRCA1,43365758
BRCA1,43366303
BRCA1,43366423
BRCA1,43366744
BRCA1,43366879
BRCA1,43367068
BRCA1,43367278
BRCA1,43367627
BRCA1,43367777
BRCA1,43368042
BRCA1,43368091
BRCA1,43368092
BRCA1,43368094
BRCA1,43368466
BRCA1,43370681
BRCA1,43370860
BRCA1,43371926
BRCA1,43372023
BRCA1,43373756
BRCA1,43375410
BRCA1,43377341
BRCA1,43377567
BRCA1,43378947
BRCA1,43379045
BRCA1,43380018
BRCA1,43380652
BRCA1,43382611
BRCA1,43384861
BRCA1,43385231
BRCA1,43386453
BRCA1,43390629
BRCA1,43391878
BRCA1,43391945
BRCA1,43392698
BRCA1,43394500
BRCA1,43397711
BRCA1,43398322
BRCA1,43399253
BRCA1,43399475
BRCA1,43402087
BRCA1,43405469
BRCA1,43409735
BRCA1,43429933
BRCA1,43430527
BRCA1,43437174
BRCA1,43454363
BRCA1,43455779
BRCA1,43457179
BRCA1,43459572
BRCA1,43464612
BRCA1,43466006
BRCA1,43467227
BRCA1,43467587
BRCA1,43469219
BRCA1,43470145
BRCA1,43470426
BRCA1,43470800
BRCA1,43477355
BRCA1,43494875
BRCA1,43515552
BRCA1,43519310
BRCA1,43525400
BRCA1,43527492
BRCA1,43593109
BRCA1,43705621
BRCA1,43932991
BRCA1,43938977
BRCA1,43940585
BRCA1,43944520
BRCA1,43949962
BRCA1,43997776
BRCA1,44033724
PALB2,22708868
PALB2,22750864
PALB2,23403039
PALB2,23436456
PALB2,23447164
PALB2,23450433
PALB2,23450734
PALB2,23455325
PALB2,23458214
PALB2,23475432
PALB2,23476695
PALB2,23488379
PALB2,23490828
PALB2,23492609
PALB2,23493672
PALB2,23494200
PALB2,23500051
PALB2,23501062
PALB2,23503204
PALB2,23504496
PALB2,23504631
PALB2,23508767
PALB2,23510082
PALB2,23510322
PALB2,23510553
PALB2,23512024
PALB2,23512554
PALB2,23513237
PALB2,23518411
PALB2,23520110
PALB2,23521687
PALB2,23523986
PALB2,23525959
PALB2,23526451
PALB2,23528916
PALB2,23529477
PALB2,23529902
PALB2,23531347
PALB2,23537480
PALB2,23539610
PALB2,23544405
PALB2,23545240
PALB2,23545588
PALB2,23546469
PALB2,23549077
PALB2,23549450
PALB2,23549535
PALB2,23552180
PALB2,23553891
PALB2,23562512
PALB2,23569721
PALB2,23571752
PALB2,23578665
PALB2,23578981
PALB2,23579894
PALB2,23580394
PALB2,23582598
PALB2,23585604
PALB2,23585662
PALB2,23586133
PALB2,23586557
PALB2,23586777
PALB2,23586867
PALB2,23587692
PALB2,23588692
PALB2,23589252
PALB2,23589916
PALB2,23590214
PALB2,23591804
PALB2,23592113
PALB2,23593711
PALB2,23594416
PALB2,23594952
PALB2,23596183
PALB2,23596571
PALB2,23596749
PALB2,23597550
PALB2,23597561
PALB2,23597670
PALB2,23597886
PALB2,23597994
PALB2,23598069
PALB2,23601054
PALB2,23601870
PALB2,23602845
PALB2,23605893
PALB2,23606725
PALB2,23608348
PALB2,23608863
PALB2,23609811
PALB2,23609812
PALB2,23611003
PALB2,23611463
PALB2,23613643
PALB2,23613903
PALB2,23615200
PALB2,23617186
PALB2,23618296
PALB2,23619986
PALB2,23622102
PALB2,23622607
PALB2,23622705
PALB2,23625382
PALB2,23625930
PALB2,23628256
PALB2,23629146
PALB2,23632693
PALB2,23634027
PALB2,23634870
PALB2,23637032
PALB2,23637497
PALB2,23637530
PALB2,23639806
PALB2,23642022
PALB2,23646655
PALB2,23647655
PALB2,23648857
PALB2,23649888
PALB2,23650318
PALB2,23653182
PALB2,23654857
PALB2,23655236
PALB2,23655476
PALB2,23657247
PALB2,23659276
PALB2,23660671
PALB2,23661513
PALB2,23665685
PALB2,23665790
PALB2,23668965
PALB2,23669844
PALB2,23671302
PALB2,23671304
PALB2,23671310
PALB2,23674808
PALB2,23675835
PALB2,23681084
PALB2,23682449
PALB2,23683411
PALB2,23683453
PALB2,23686358
PALB2,23687136
PALB2,23688097
PALB2,23688945
PALB2,23690217
PALB2,23690753
PALB2,23692684
PALB2,23692851
PALB2,23697013
PALB2,23698839
PALB2,23701127
PALB2,23701407
PALB2,23926770
PALB2,23927164
PALB2,23943548
PALB2,23957608
PALB2,24495835
RAD51D,34440379
RAD51D,34532415
RAD51D,34583656
RAD51D,34793950
RAD51D,34799344
RAD51D,34806835
RAD51D,34913932
RAD51D,34933954
RAD51D,34937229
RAD51D,34937292
RAD51D,34939412
RAD51D,34952106
RAD51D,34953885
RAD51D,34958977
RAD51D,34961084
RAD51D,34967389
RAD51D,34981202
RAD51D,34986292
RAD51D,35002629
RAD51D,35027507
RAD51D,35040675
RAD51D,35052772
RAD51D,35063150
RAD51D,35071321
RAD51D,35075961
RAD51D,35079469
RAD51D,35083831
RAD51D,35085164
RAD51D,35088375
RAD51D,35097132
RAD51D,35097602
RAD51D,35100587
RAD51D,35101468
RAD51D,35102746
RAD51D,35103881
RAD51D,35105735
RAD51D,35105752
RAD51D,35107903
RAD51D,35116196
RAD51D,35116581
RAD51D,35116751
RAD51D,35118530
RAD51D,35120008
RAD51D,35142959
RAD51D,35146763
RAD51D,35154268
RAD51D,35156096
RAD51D,35157072
RAD51D,35157333
RAD51D,35158909
RAD51D,35159172
RAD51D,35163484
RAD51D,35163489
RAD51D,35163744
RAD51D,35164433
RAD51D,35164766
RAD51D,35165383
RAD51D,35166052
RAD51D,35166878
RAD51D,35167167
RAD51D,35167517
RAD51D,35170031
RAD51D,35170696
RAD51D,35171623
RAD51D,35173282
RAD51D,35173960
RAD51D,35173969
RAD51D,35175918
RAD51D,35176620
RAD51D,35177175
RAD51D,35177697
RAD51D,35178804
RAD51D,35179761
RAD51D,35181589
RAD51D,35182030
RAD51D,35182052
RAD51D,35182454
RAD51D,35184646
RAD51D,35195097
RAD51D,35195099
RAD51D,35195267
RAD51D,35196611
RAD51D,35199276
RAD51D,35201436
RAD51D,35202082
RAD51D,35202380
RAD51D,35203162
RAD51D,35204287
RAD51D,35204910
RAD51D,35205331
RAD51D,35206100
RAD51D,35208770
RAD51D,35209151
RAD51D,35211457
RAD51D,35212806
RAD51D,35214213
RAD51D,35217204
RAD51D,35221043
RAD51D,35229481
RAD51D,35231959
RAD51D,35232968
RAD51D,35233663
RAD51D,35234052
RAD51D,35234504
RAD51D,35236775
RAD51D,35236821
RAD51D,35237460
RAD51D,35237602
RAD51D,35238633
RAD51D,35238993
RAD51D,35240322
RAD51D,35241233
RAD51D,35242289
RAD51D,35242749
RAD51D,35242795
RAD51D,35243449
RAD51D,35244290
RAD51D,35244475
RAD51D,35248033
RAD51D,35248204
RAD51D,35249875
RAD51D,35250625
RAD51D,35251311
RAD51D,35256323
RAD51D,35306544
RAD51D,35358545
RAD51D,35373599
RAD51D,35374655
RAD51D,35377253
RAD51D,35377265
RAD51D,35378231
RAD51D,35378254
RAD51D,35378339
RAD51D,35380997
RAD51D,35383338
RAD51D,35386227
RAD51D,35387543
RAD51D,35394380
RAD51D,35395869
RAD51D,35397408
RAD51D,35404654
RAD51D,35457585
RAD51D,35463104
RAD51D,35748674
VHL,9929085
VHL,9929702
VHL,9930809
VHL,9933125
VHL,9935095
VHL,9935180
VHL,9935550
VHL,9935560
VHL,9937976
VHL,9938785
VHL,9939437
VHL,9939477
VHL,9939821
VHL,9939987
VHL,9940040
VHL,9940050
VHL,9940229
VHL,9942446
VHL,9943773
VHL,9943972
VHL,9949116
VHL,9949417
VHL,9949479
VHL,9950548
VHL,9953604
VHL,9953720
VHL,9953832
VHL,9954742
VHL,9955241
VHL,9955370
VHL,9955861
VHL,9957119
VHL,9957524
VHL,9958229
VHL,9958502
VHL,9960088
VHL,9960167
VHL,9960716
VHL,9960795
VHL,9961808
VHL,9961857
VHL,9962439
VHL,9963084
VHL,9963708
VHL,9964395
VHL,9966156
VHL,9967135
VHL,9967221
VHL,9967379
VHL,9968235
VHL,9968513
VHL,9968624
VHL,9968852
VHL,9968997
VHL,9969026
VHL,9970867
VHL,9970991
VHL,9971037
VHL,9971073
VHL,9971104
VHL,9971426
VHL,9971589
VHL,9972487
VHL,9972801
VHL,9973426
VHL,9973753
VHL,9974056
VHL,9974621
VHL,9975348
VHL,9975587
VHL,9975845
VHL,9976176
VHL,9976232
VHL,9976639
VHL,9978089
VHL,9978938
VHL,9979045
VHL,9979917
VHL,9980117
VHL,9980974
VHL,9981194
VHL,9981251
VHL,9983015
VHL,9983779
VHL,9984059
VHL,9984150
VHL,9984270
VHL,9984395
VHL,9985574
VHL,9985957
VHL,9986002
VHL,9986040
VHL,9987006
VHL,9987304
VHL,9987605
VHL,9987621
VHL,9988552
VHL,9988694
VHL,9989127
VHL,9989371
VHL,9989747
VHL,9989808
VHL,9989919
VHL,9990575
VHL,9991860
VHL,9993241
VHL,9994212
VHL,9994716
VHL,9995036
VHL,9995198
VHL,9995373
VHL,9995483
VHL,9995636
VHL,9995637
VHL,9995797
VHL,9995986
VHL,9996391
VHL,9997022
VHL,9997360
VHL,9997482
VHL,9998484
VHL,9999128
VHL,9999870
VHL,10000257
VHL,10000308
VHL,10000429
VHL,10001006
VHL,10001098
VHL,10001106
VHL,10001745
VHL,10002077
VHL,10002330
VHL,10002578
VHL,10002773
VHL,10002942
VHL,10003346
VHL,10004019
VHL,10004050
VHL,10004481
VHL,10004714
VHL,10005019
VHL,10005562
VHL,10005924
VHL,10005996
VHL,10006291
VHL,10006818
VHL,10006917
VHL,10007076
VHL,10007155
VHL,10007201
VHL,10007267
VHL,10007329
VHL,10007603
VHL,10007668
VHL,10008177
VHL,10008238
VHL,10009129
VHL,10009209
VHL,10009749
VHL,10011694
VHL,10011915
VHL,10012108
VHL,10012507
VHL,10012997
VHL,10012998
VHL,10013226
VHL,10013363
VHL,10013804
VHL,10013987
VHL,10014105
VHL,10014129
VHL,10014664
VHL,10015117
VHL,10015520
VHL,10015782
VHL,10016677
VHL,10016900
VHL,10017752
VHL,10017974
VHL,10017980
VHL,10018741
VHL,10020530
VHL,10020543
VHL,10022079
VHL,10022166
VHL,10022276
VHL,10023203
VHL,10023460
VHL,10023742
VHL,10023844
VHL,10023889
VHL,10025121
VHL,10025280
VHL,10025864
VHL,10025967
VHL,10026110
VHL,10026113
VHL,10026288
VHL,10026743
VHL,10026888
VHL,10026978
VHL,10027821
VHL,10029678
VHL,10030035
VHL,10030774
VHL,10030826
VHL,10030951
VHL,10031130
VHL,10031489
VHL,10031497
VHL,10031499
VHL,10031627
VHL,10031860
VHL,10032140
VHL,10032569
VHL,10032657
VHL,10033854
VHL,10033990
VHL,10034216
VHL,10034299
VHL,10034307
VHL,10035291
VHL,10035339
VHL,10036271
VHL,10036563
VHL,10036605
VHL,10036842
VHL,10037010
VHL,10037571
VHL,10039038
VHL,10039861
VHL,10039947
VHL,10040908
VHL,10041485
VHL,10042108
VHL,10042191
VHL,10042192
VHL,10042251
VHL,10042540
VHL,10043351
VHL,10043446
VHL,10043852
VHL,10044652
VHL,10044697
VHL,10044996
VHL,10045833
VHL,10045954
VHL,10045977
VHL,10046332
VHL,10047464
VHL,10047786
VHL,10048565
VHL,10048673
VHL,10049715
VHL,10050056
VHL,10050495
VHL,10050853
VHL,10050885
VHL,10051151
VHL,10051249
VHL,10051330
VHL,10051600
VHL,10051602
VHL,10052734
VHL,10053306
VHL,10053401
VHL,10053494
VHL,10054635
VHL,10054673
VHL,10055721
VHL,10055770
VHL,10055912
VHL,10055913
VHL,10056068
VHL,10057064
VHL,10058461
VHL,10059903
VHL,10059968
VHL,10060693
VHL,10062350
VHL,10062502
VHL,10062869
VHL,10063466
VHL,10064848
VHL,10065240
VHL,10065836
VHL,10066494
VHL,10067061
VHL,10068279
VHL,10068490
VHL,10069243
VHL,10069325
VHL,10070180
VHL,10070275
VHL,10070387
VHL,10070594
VHL,10071178
VHL,10071366
VHL,10071387
VHL,10071724
VHL,10071884
VHL,10071885
VHL,10071945
VHL,10071960
VHL,10072084
VHL,10072521
VHL,10073118
VHL,10073935
VHL,10074857
VHL,10074916
VHL,10075253
VHL,10075254
VHL,10075255
VHL,10075786
VHL,10076228
VHL,10076391
VHL,10077332
VHL,10077919
VHL,10078233
VHL,10078630
VHL,10078847
VHL,10079420
VHL,10080238
VHL,10080891
VHL,10082121
VHL,10082436
VHL,10082760
VHL,10083599
VHL,10083658
VHL,10083720
VHL,10084399
VHL,10084628
VHL,10086319
VHL,10086951
VHL,10090776
VHL,10091165
VHL,10091794
VHL,10091890
VHL,10092026
VHL,10092265
VHL,10092807
VHL,10093082
VHL,10093634
VHL,10093893
VHL,10094466
VHL,10096385
VHL,10096505
VHL,10096942
VHL,10097093
VHL,10097398
VHL,10097988
VHL,10098141
VHL,10098149
VHL,10098333
VHL,10098431
VHL,10098987
VHL,10099012
VHL,10099381
VHL,10099500
VHL,10100418
VHL,10101265
VHL,10101590
VHL,10101644
VHL,10102086
VHL,10102292
VHL,10102692
VHL,10105144
VHL,10107334
VHL,10107696
VHL,10108074
VHL,10108209
VHL,10108666
VHL,10108851
VHL,10109111
VHL,10109361
VHL,10109454
VHL,10109703
VHL,10109747
VHL,10110015
VHL,10110144
VHL,10111309
VHL,10111457
VHL,10111774
VHL,10111875
VHL,10112158
VHL,10112819
VHL,10112820
VHL,10113091
VHL,10113803
VHL,10114528
VHL,10114714
VHL,10114849
VHL,10115521
VHL,10115653
VHL,10115684
VHL,10116418
VHL,10116618
VHL,10116709
VHL,10117289
VHL,10118114
VHL,10118448
VHL,10118575
VHL,10119685
VHL,10119834
VHL,10121754
VHL,10121975
VHL,10122039
VHL,10122041
VHL,10122049
VHL,10122109
VHL,10122110
VHL,10122624
VHL,10122663
VHL,10123038
VHL,10123099
VHL,10123881
VHL,10124014
VHL,10124027
VHL,10124094
VHL,10124110
VHL,10124161
VHL,10124225
VHL,10124255
VHL,10124325
VHL,10124722
VHL,10124948
VHL,10125011
VHL,10125161
VHL,10125189
VHL,10125195
VHL,10125385
VHL,10125428
VHL,10125580
VHL,10125892
VHL,10126106
VHL,10126963
VHL,10127101
VHL,10127118
VHL,10127208
VHL,10127281
VHL,10127283
VHL,10127570
VHL,10127678
VHL,10127819
VHL,10127872
VHL,10128023
VHL,10128041
VHL,10128062
VHL,10128135
VHL,10128345
VHL,10128506
VHL,10128600
VHL,10128699
VHL,10128743
VHL,10128988
VHL,10130214
VHL,10130527
VHL,10131060
VHL,10131316
VHL,10131808
VHL,10132058
VHL,10132611
VHL,10132689
VHL,10133027
VHL,10133225
VHL,10133263
VHL,10133308
VHL,10134757
VHL,10135097
VHL,10135762
VHL,10135969
VHL,10135975
VHL,10136176
VHL,10136498
VHL,10136545
VHL,10136836
VHL,10136892
VHL,10136917
VHL,10137026
VHL,10137065
VHL,10137138
VHL,10137143
VHL,10137457
VHL,10137642
VHL,10137962
VHL,10138178
VHL,10138240
VHL,10138357
VHL,10138873
VHL,10138975
VHL,10139556
VHL,10140878
VHL,10141590
VHL,10141653
VHL,10142571
VHL,10143272
VHL,10143337
VHL,10143578
VHL,10144532
VHL,10144830
VHL,10145330
VHL,10145428
VHL,10145693
VHL,10145950
VHL,10146005
VHL,10146298
VHL,10146326
VHL,10146679
VHL,10146744
VHL,10147114
VHL,10147200
VHL,10148245
VHL,10148609
VHL,10148783
VHL,10148977
VHL,10149535
VHL,10150259
VHL,10150988
VHL,10151025
VHL,10151078
VHL,10151937
VHL,10151999
VHL,10152105
VHL,10152940
VHL,10153723
VHL,10153801
VHL,10154020
VHL,10154220
VHL,10154678
VHL,10155259
VHL,10155630
VHL,10156516
VHL,10156524
VHL,10156887
VHL,10157162
VHL,10157756
VHL,10157760
VHL,10158216
VHL,10158217
VHL,10158309
VHL,10158605
VHL,10158775
VHL,10160527
VHL,10160827
VHL,10160973
VHL,10161200
VHL,10161504
VHL,10161510
VHL,10163569
VHL,10164375
VHL,10164461
VHL,10165297
VHL,10167559
VHL,10171961
VHL,10172813
VHL,10175276
VHL,10177826
VHL,10179078
VHL,10179146
VHL,10179335
VHL,10179464
VHL,10181532
VHL,10181923
VHL,10182109
VHL,10182470
VHL,10182473
VHL,10183016
VHL,10185361
VHL,10185414
VHL,10187163
VHL,10191840
VHL,10192381
VHL,10192484
VHL,10194437
VHL,10200559
VHL,10201594
VHL,10201620
VHL,10202747
VHL,10206460
VHL,10208091
VHL,10208587
VHL,10214207
VHL,10219454
VHL,10219611
VHL,10292337
VHL,10293805
VHL,10294607
VHL,10295665
VHL,10297453
VHL,10301192
VHL,10302427
VHL,10316268
VHL,10327264
VHL,10630418
VHL,11008385
VHL,11009034
VHL,11020906
